City_ID,City,Country,Date,Lat,Lng,Max Temp,Humidity,Cloudiness,Wind Speed,Current Description
0,Kapaa,US,2021-05-30 16:50:08,22.0752,-159.319,69.78,88,1,3.4,clear sky
1,Cape Town,ZA,2021-05-30 16:45:09,-33.9258,18.4232,61.21,69,0,4.5,clear sky
2,Hermanus,ZA,2021-05-30 16:50:08,-34.4187,19.2345,58.89,80,79,3.24,broken clouds
3,Khandbari,NP,2021-05-30 16:50:08,27.3747,87.2039,71.85,83,35,1.66,scattered clouds
4,Ushuaia,AR,2021-05-30 16:50:09,-54.8,-68.3,31.62,100,90,9.22,snow
5,Hithadhoo,MV,2021-05-30 16:50:09,-0.6,73.0833,83.21,73,52,16.64,broken clouds
6,Ciudad Bolivar,VE,2021-05-30 16:50:10,8.1222,-63.5497,95.45,34,69,7.87,broken clouds
7,Codrington,AU,2021-05-30 16:50:10,-38.2667,141.9667,40.89,72,2,8.34,clear sky
8,Atuona,PF,2021-05-30 16:50:10,-9.8,-139.0333,80.33,60,87,8.05,overcast clouds
9,Yellowknife,CA,2021-05-30 16:48:52,62.456,-114.3525,43.32,70,75,6.91,broken clouds
10,Cherskiy,RU,2021-05-30 16:50:11,68.75,161.3,51.93,46,12,6.35,few clouds
11,Pangnirtung,CA,2021-05-30 16:50:11,66.1451,-65.7125,30.2,86,90,11.5,overcast clouds
12,Punta Arenas,CL,2021-05-30 16:50:12,-53.15,-70.9167,37.51,56,40,9.71,scattered clouds
13,Garissa,KE,2021-05-30 16:50:12,-0.4536,39.6401,86.34,42,96,19.71,overcast clouds
14,New Norfolk,AU,2021-05-30 16:50:13,-42.7826,147.0587,40.71,85,44,3.24,scattered clouds
15,Fortuna,US,2021-05-30 16:50:13,40.5982,-124.1573,58.66,87,98,8.21,overcast clouds
16,Chokurdakh,RU,2021-05-30 16:50:13,70.6333,147.9167,51.1,48,23,9.26,few clouds
17,Tiksi,RU,2021-05-30 16:50:14,71.6872,128.8694,30.96,95,8,7.31,clear sky
18,Andilamena,MG,2021-05-30 16:50:14,-17.0167,48.5833,60.48,98,8,4.79,clear sky
19,Moree,AU,2021-05-30 16:50:15,-29.4667,149.85,44.62,81,7,8.05,clear sky
20,Bandarbeyla,SO,2021-05-30 16:50:15,9.4942,50.8122,79.54,85,22,29.86,few clouds
21,Avarua,CK,2021-05-30 16:50:12,-21.2078,-159.775,69.85,78,75,3.44,broken clouds
22,Poum,NC,2021-05-30 16:50:16,-20.2333,164.0167,72.1,57,50,13.02,scattered clouds
23,Busselton,AU,2021-05-30 16:50:17,-33.65,115.3333,54.09,71,100,14.76,overcast clouds
24,Chifeng,CN,2021-05-30 16:48:53,42.2683,118.9636,61.14,56,32,5.53,scattered clouds
25,Port Maria,JM,2021-05-30 16:45:56,18.3685,-76.8895,85.96,82,7,11.18,clear sky
26,Bose,IT,2021-05-30 16:50:18,45.4612,8.0137,72.36,61,82,2.01,broken clouds
27,Bluff,NZ,2021-05-30 16:50:18,-46.6,168.3333,49.8,94,100,22.32,overcast clouds
28,Rawson,AR,2021-05-30 16:50:19,-43.3002,-65.1023,44.89,61,75,15.99,broken clouds
29,Meylan,FR,2021-05-30 16:50:19,45.2199,5.7901,74.68,58,63,4.54,broken clouds
30,Galle,LK,2021-05-30 16:46:34,6.0367,80.217,80.44,86,99,14.52,overcast clouds
31,Hilo,US,2021-05-30 16:46:57,19.7297,-155.09,73.11,85,75,0.0,broken clouds
32,Quelimane,MZ,2021-05-30 16:50:20,-17.8786,36.8883,75.15,83,0,7.0,clear sky
33,Jamestown,US,2021-05-30 16:50:20,42.097,-79.2353,62.19,54,40,23.02,scattered clouds
34,Georgetown,MY,2021-05-30 16:46:00,5.4112,100.3354,85.89,83,20,3.0,few clouds
35,Mehndawal,IN,2021-05-30 16:50:21,26.9753,83.1117,87.89,59,1,1.81,clear sky
36,Butaritari,KI,2021-05-30 16:50:21,3.0707,172.7902,82.76,78,92,15.39,light rain
37,Rikitea,PF,2021-05-30 16:50:22,-23.1203,-134.9692,74.68,79,100,16.31,light rain
38,Kavieng,PG,2021-05-30 16:50:22,-2.5744,150.7967,80.67,81,97,9.62,moderate rain
39,Cidreira,BR,2021-05-30 16:50:23,-30.1811,-50.2056,57.34,45,0,11.23,clear sky
40,Bredasdorp,ZA,2021-05-30 16:50:23,-34.5322,20.0403,56.52,82,88,2.28,overcast clouds
41,Mataura,NZ,2021-05-30 16:50:23,-46.1927,168.8643,49.48,97,100,3.53,moderate rain
42,Port Alfred,ZA,2021-05-30 16:50:24,-33.5906,26.891,58.53,62,32,6.78,scattered clouds
43,Kailua,US,2021-05-30 16:50:24,21.4022,-157.7394,74.07,59,69,1.86,broken clouds
44,Upernavik,GL,2021-05-30 16:50:24,72.7868,-56.1549,31.73,94,100,7.18,overcast clouds
45,Laguna,US,2021-05-30 16:50:25,38.421,-121.4238,78.62,63,1,1.99,clear sky
46,Ajaccio,FR,2021-05-30 16:50:26,42.0,8.9167,69.78,60,0,1.28,clear sky
47,Fenoarivo,MG,2021-05-30 16:50:26,-18.933,47.4354,66.27,72,40,3.13,scattered clouds
48,Yumen,CN,2021-05-30 16:50:26,40.2833,97.2,68.79,20,99,11.21,overcast clouds
49,Ndola,ZM,2021-05-30 16:50:27,-12.9587,28.6366,61.61,38,0,1.43,clear sky
50,Clyde River,CA,2021-05-30 16:50:27,70.4692,-68.5914,30.43,86,75,4.61,broken clouds
51,Elliot Lake,CA,2021-05-30 16:50:27,46.3834,-82.6331,60.89,30,1,6.46,clear sky
52,Bambous Virieux,MU,2021-05-30 16:50:28,-20.3428,57.7575,75.45,83,20,6.89,few clouds
53,Ribeira Grande,PT,2021-05-30 16:50:28,38.5167,-28.7,70.2,64,40,6.91,scattered clouds
54,Dunedin,NZ,2021-05-30 16:50:29,-45.8742,170.5036,50.81,98,100,11.18,overcast clouds
55,Mount Isa,AU,2021-05-30 16:50:29,-20.7333,139.5,55.17,50,3,1.14,clear sky
56,Lompoc,US,2021-05-30 16:50:29,34.6391,-120.4579,68.38,82,90,8.05,overcast clouds
57,Nikolskoye,RU,2021-05-30 16:50:30,59.7035,30.7861,54.39,50,7,4.45,clear sky
58,Cabra,ES,2021-05-30 16:50:30,37.4725,-4.4421,87.39,37,100,1.01,overcast clouds
59,Ahipara,NZ,2021-05-30 16:50:31,-35.1667,173.1667,57.81,82,97,18.88,light rain
60,Porto Velho,BR,2021-05-30 16:48:47,-8.7619,-63.9039,89.65,48,0,8.05,clear sky
61,Barrow,US,2021-05-30 16:50:31,71.2906,-156.7887,30.22,86,90,13.8,overcast clouds
62,Mabaruma,GY,2021-05-30 16:50:32,8.2,-59.7833,81.75,82,77,6.98,broken clouds
63,Miri,MY,2021-05-30 16:46:42,4.4148,114.0089,77.14,94,20,4.59,few clouds
64,Jaisalmer,IN,2021-05-30 16:50:32,26.9147,70.9181,94.26,46,0,24.87,clear sky
65,Lorengau,PG,2021-05-30 16:50:32,-2.0226,147.2712,80.4,85,100,8.23,overcast clouds
66,Lebu,CL,2021-05-30 16:50:33,-37.6167,-73.65,56.82,70,100,6.06,overcast clouds
67,Drayton Valley,CA,2021-05-30 16:50:33,53.2168,-114.9854,57.9,50,9,5.57,clear sky
68,Eureka,US,2021-05-30 16:50:34,40.8021,-124.1637,53.58,87,99,1.01,overcast clouds
69,Ereymentau,KZ,2021-05-30 16:50:34,51.6199,73.1033,68.88,44,87,5.55,overcast clouds
70,Pevek,RU,2021-05-30 16:50:34,69.7008,170.3133,37.89,70,0,5.64,clear sky
71,Evensk,RU,2021-05-30 16:50:35,61.95,159.2333,38.57,79,100,1.52,overcast clouds
72,Saskylakh,RU,2021-05-30 16:50:35,71.9167,114.0833,36.05,89,100,3.13,overcast clouds
73,Te Anau,NZ,2021-05-30 16:50:35,-45.4167,167.7167,47.71,96,100,5.12,overcast clouds
74,Bend,US,2021-05-30 16:50:36,44.0582,-121.3153,68.32,30,1,1.99,clear sky
75,Thunder Bay,CA,2021-05-30 16:45:39,48.4001,-89.3168,54.99,62,90,6.91,overcast clouds
76,Aranos,NA,2021-05-30 16:50:36,-24.1333,19.1167,65.39,27,1,9.31,clear sky
77,Saint-Francois,FR,2021-05-30 16:50:36,46.4154,3.9054,72.84,34,0,8.05,clear sky
78,Southbridge,US,2021-05-30 16:50:37,42.0751,-72.0334,49.39,98,100,13.15,moderate rain
79,Mahebourg,MU,2021-05-30 16:50:37,-20.4081,57.7,75.49,83,20,6.91,few clouds
80,Dikson,RU,2021-05-30 16:50:38,73.5069,80.5464,31.73,93,100,11.92,overcast clouds
81,Osmaniye,TR,2021-05-30 16:50:38,37.0742,36.2478,72.52,85,1,3.58,clear sky
82,Talnakh,RU,2021-05-30 16:50:39,69.4865,88.3972,37.29,82,100,25.7,light rain
83,Morondava,MG,2021-05-30 16:50:39,-20.2833,44.2833,73.47,68,0,10.89,clear sky
84,Bethel,US,2021-05-30 16:50:39,41.3712,-73.414,50.58,90,90,4.0,overcast clouds
85,Nyurba,RU,2021-05-30 16:50:40,63.2842,118.3319,48.43,55,65,1.52,broken clouds
86,Rabo De Peixe,PT,2021-05-30 16:50:40,37.8,-25.5833,67.51,60,20,10.4,few clouds
87,Ous,RU,2021-05-30 16:50:41,60.9058,61.5186,41.68,85,100,4.0,overcast clouds
88,Saint-Philippe,RE,2021-05-30 16:50:41,-21.3585,55.7679,70.21,84,37,8.43,scattered clouds
89,Faanui,PF,2021-05-30 16:50:41,-16.4833,-151.75,80.1,76,93,14.81,overcast clouds
90,Narsaq,GL,2021-05-30 16:50:42,60.9167,-46.05,43.65,67,62,3.98,broken clouds
91,Tuy Hoa,VN,2021-05-30 16:50:42,13.0833,109.3,81.66,78,28,5.44,scattered clouds
92,Mahbubabad,IN,2021-05-30 16:50:43,17.6167,80.0167,93.88,38,80,4.25,broken clouds
93,Cabedelo,BR,2021-05-30 16:50:43,-6.9811,-34.8339,83.07,76,71,13.42,broken clouds
94,Vuktyl,RU,2021-05-30 16:50:43,63.8567,57.3094,42.22,54,82,9.37,broken clouds
95,Miraflores,MX,2021-05-30 16:50:44,19.2167,-98.8083,68.65,39,7,2.1,clear sky
96,Yeppoon,AU,2021-05-30 16:50:44,-23.1333,150.7333,60.58,87,2,10.31,clear sky
97,Puerto Ayora,EC,2021-05-30 16:50:45,-0.7393,-90.3518,80.56,79,69,5.99,broken clouds
98,Qaanaaq,GL,2021-05-30 16:50:45,77.484,-69.3632,32.4,91,100,5.39,overcast clouds
99,Kruisfontein,ZA,2021-05-30 16:50:45,-34.0033,24.7314,56.88,72,100,9.15,overcast clouds
100,Esil,KZ,2021-05-30 16:50:46,51.9556,66.4042,68.41,64,71,17.72,light rain
101,Dingle,PH,2021-05-30 16:50:46,10.9995,122.6711,78.53,90,81,1.97,broken clouds
102,Ponta Do Sol,PT,2021-05-30 16:50:47,32.6667,-17.1,70.72,76,37,4.79,scattered clouds
103,Ilabaya,PE,2021-05-30 16:50:47,-17.4208,-70.5133,72.37,43,100,9.24,overcast clouds
104,Hobart,AU,2021-05-30 16:50:47,-42.8794,147.3294,41.05,89,31,5.08,scattered clouds
105,San Patricio,US,2021-05-30 16:50:48,28.017,-97.5169,85.91,57,12,14.18,few clouds
106,Kaitangata,NZ,2021-05-30 16:50:48,-46.2817,169.8464,49.39,94,100,8.99,overcast clouds
107,Victoria,HK,2021-05-30 16:49:12,22.2855,114.1577,87.33,85,98,1.01,light rain
108,Eyl,SO,2021-05-30 16:50:49,7.9803,49.8164,80.47,79,98,20.62,overcast clouds
109,Koygorodok,RU,2021-05-30 16:50:49,60.445,50.9968,43.18,51,48,10.04,scattered clouds
110,Chuy,UY,2021-05-30 16:50:50,-33.6971,-53.4616,55.63,45,4,12.57,clear sky
111,Guerrero Negro,MX,2021-05-30 16:50:50,27.9769,-114.0611,64.92,63,26,15.75,scattered clouds
112,Hay River,CA,2021-05-30 16:50:50,60.8156,-115.7999,44.58,70,75,8.05,broken clouds
113,Villa Carlos Paz,AR,2021-05-30 16:47:05,-31.4241,-64.4978,69.06,35,50,21.0,scattered clouds
114,Nanortalik,GL,2021-05-30 16:50:51,60.1432,-45.2371,37.18,88,87,16.62,overcast clouds
115,Kodiak,US,2021-05-30 16:50:52,57.79,-152.4072,45.91,87,90,6.91,overcast clouds
116,Oriximina,BR,2021-05-30 16:50:52,-1.7656,-55.8661,89.92,49,24,7.11,few clouds
117,Berezniki,RU,2021-05-30 16:50:52,59.4152,56.8124,46.83,82,96,9.31,overcast clouds
118,Albany,US,2021-05-30 16:50:53,42.6001,-73.9662,49.86,90,100,5.44,moderate rain
119,Soe,ID,2021-05-30 16:50:53,-9.8607,124.284,65.17,95,100,3.53,overcast clouds
120,Porbandar,IN,2021-05-30 16:50:53,21.6422,69.6093,83.55,79,100,14.09,overcast clouds
121,Baykit,RU,2021-05-30 16:50:54,61.67,96.37,37.92,89,96,1.5,overcast clouds
122,Kaihua,CN,2021-05-30 16:50:54,23.3687,104.28,67.69,94,77,2.89,broken clouds
123,Rocha,UY,2021-05-30 16:50:55,-34.4833,-54.3333,54.34,49,6,14.74,clear sky
124,Vaini,TO,2021-05-30 16:50:55,-21.2,-175.2,75.36,100,90,5.75,moderate rain
125,Pangody,RU,2021-05-30 16:50:56,65.85,74.4859,41.72,82,100,8.99,overcast clouds
126,Vanimo,PG,2021-05-30 16:50:56,-2.6741,141.3028,78.46,89,100,6.26,light rain
127,Labuhan,ID,2021-05-30 16:50:56,-6.8844,112.2051,78.6,85,100,4.76,overcast clouds
128,Bubaque,GW,2021-05-30 16:50:57,11.2833,-15.8333,77.99,73,67,13.31,broken clouds
129,Maridi,SS,2021-05-30 16:50:57,4.9158,29.4742,68.29,93,46,1.66,light rain
130,Palu,ID,2021-05-30 16:50:58,-0.8917,119.8707,76.08,95,66,2.93,broken clouds
131,Ancud,CL,2021-05-30 16:50:58,-41.8697,-73.8203,55.22,95,100,15.05,moderate rain
132,Bantry,IE,2021-05-30 16:50:59,51.6833,-9.45,65.68,70,3,7.76,clear sky
133,Pisco,PE,2021-05-30 16:50:59,-13.7,-76.2167,65.01,94,90,6.91,overcast clouds
134,Puri,IN,2021-05-30 16:50:59,19.8,85.85,89.38,83,42,15.9,scattered clouds
135,Port Lincoln,AU,2021-05-30 16:51:00,-34.7333,135.8667,55.24,45,83,11.48,broken clouds
136,Kaeo,NZ,2021-05-30 16:51:00,-35.1,173.7833,52.32,97,86,14.09,moderate rain
137,Malmyzh,RU,2021-05-30 16:51:01,56.5205,50.6818,44.94,74,100,15.3,overcast clouds
138,Mar Del Plata,AR,2021-05-30 16:51:01,-38.0023,-57.5575,56.08,43,0,1.01,clear sky
139,Teknaf,BD,2021-05-30 16:51:01,20.8624,92.3058,82.6,82,84,2.51,broken clouds
140,Istok,XK,2021-05-30 16:51:02,42.7808,20.4875,51.15,86,100,1.68,overcast clouds
141,Shevchenkove,UA,2021-05-30 16:51:02,49.6959,37.1735,62.38,91,86,8.61,overcast clouds
142,Masuguru,TZ,2021-05-30 16:51:02,-11.3667,38.4167,78.12,52,33,3.62,scattered clouds
143,Sydney,AU,2021-05-30 16:46:21,-33.8679,151.2073,54.72,75,75,1.01,broken clouds
144,Vila Velha,BR,2021-05-30 16:49:13,-20.3297,-40.2925,87.75,59,0,5.01,clear sky
145,Itarema,BR,2021-05-30 16:51:03,-2.9248,-39.9167,85.68,58,6,14.72,clear sky
146,Mollendo,PE,2021-05-30 16:51:03,-17.0231,-72.0147,69.66,73,100,10.09,overcast clouds
147,Springbok,ZA,2021-05-30 16:51:04,-29.6643,17.8865,56.35,40,0,0.85,clear sky
148,Riyadh,SA,2021-05-30 16:51:04,24.6877,46.7219,104.14,9,0,6.91,clear sky
149,Saldanha,ZA,2021-05-30 16:51:04,-33.0117,17.9442,60.85,83,7,7.67,clear sky
150,Tombouctou,ML,2021-05-30 16:51:05,20.0,-3.0,109.58,4,63,12.86,broken clouds
151,Kohima,IN,2021-05-30 16:51:05,25.6667,94.1167,64.98,94,25,2.13,scattered clouds
152,Manzil Salim,TN,2021-05-30 16:51:06,35.8567,8.4765,86.0,27,60,11.32,broken clouds
153,Gazli,UZ,2021-05-30 16:51:06,40.1333,63.45,96.58,9,0,8.21,clear sky
154,Pirovskoye,RU,2021-05-30 16:51:06,57.6267,92.2658,40.06,64,52,2.35,broken clouds
155,Thompson,CA,2021-05-30 16:51:07,55.7435,-97.8558,41.16,75,90,6.91,overcast clouds
156,Beringovskiy,RU,2021-05-30 16:51:07,63.05,179.3167,32.5,77,19,8.95,few clouds
157,East London,ZA,2021-05-30 16:51:07,-33.0153,27.9116,54.54,82,0,2.3,clear sky
158,Leh,IN,2021-05-30 16:51:08,34.1667,77.5833,52.0,51,54,3.27,broken clouds
159,Kahului,US,2021-05-30 16:46:40,20.8947,-156.47,76.84,75,1,6.91,clear sky
160,Tuktoyaktuk,CA,2021-05-30 16:51:08,69.4541,-133.0374,33.8,69,20,10.36,few clouds
161,Yar-Sale,RU,2021-05-30 16:51:09,66.8333,70.8333,41.74,56,50,18.43,scattered clouds
162,Riachao Das Neves,BR,2021-05-30 16:51:09,-11.7461,-44.91,92.48,22,68,5.91,broken clouds
163,Escarcega,MX,2021-05-30 16:51:10,18.6089,-90.7454,96.17,32,25,4.79,scattered clouds
164,Leningradskiy,RU,2021-05-30 16:51:10,69.3833,178.4167,33.19,81,61,3.44,broken clouds
165,Sao Filipe,CV,2021-05-30 16:51:11,14.8961,-24.4956,72.57,82,95,10.74,overcast clouds
166,Aklavik,CA,2021-05-30 16:51:11,68.2191,-135.0107,38.23,60,20,13.8,few clouds
167,Grindavik,IS,2021-05-30 16:51:11,63.8424,-22.4338,46.87,87,75,19.06,broken clouds
168,Coolum Beach,AU,2021-05-30 16:51:12,-26.5333,153.1,58.1,78,99,10.76,overcast clouds
169,Uga,NG,2021-05-30 16:51:12,5.9358,7.0793,84.07,69,55,7.23,light rain
170,Kaolack,SN,2021-05-30 16:51:12,14.1825,-16.2533,98.02,25,44,13.29,scattered clouds
171,Lavrentiya,RU,2021-05-30 16:51:13,65.5833,-171.0,32.56,81,7,11.01,clear sky
172,Xiongyue,CN,2021-05-30 16:51:13,40.1774,122.1228,57.61,62,0,4.0,light rain
173,Turukhansk,RU,2021-05-30 16:51:14,65.8167,87.9833,49.55,65,100,20.09,light rain
174,Longyearbyen,SJ,2021-05-30 16:51:14,78.2186,15.6401,33.64,80,75,2.3,broken clouds
175,Carberry,CA,2021-05-30 16:51:14,49.8689,-99.3602,61.03,49,79,13.89,broken clouds
176,Tautira,PF,2021-05-30 16:51:15,-17.7333,-149.15,75.22,77,91,17.85,light rain
177,Dabhol,IN,2021-05-30 16:51:15,17.6,73.1667,79.97,85,100,3.53,overcast clouds
178,Tiarei,PF,2021-05-30 16:51:16,-17.5333,-149.3333,75.22,77,89,16.37,light rain
179,Bokoro,TD,2021-05-30 16:51:16,12.3807,17.0568,102.63,13,4,4.18,clear sky
180,Kholm,RU,2021-05-30 16:51:17,59.2667,32.85,48.56,56,61,8.95,broken clouds
181,Torbay,CA,2021-05-30 16:51:17,47.6666,-52.7314,61.88,41,20,12.66,few clouds
182,Bathsheba,BB,2021-05-30 16:51:17,13.2167,-59.5167,88.41,55,75,20.71,broken clouds
183,Arawa,PG,2021-05-30 16:51:18,-6.2132,155.5367,76.08,90,82,3.15,broken clouds
184,Trincomalee,LK,2021-05-30 16:51:18,8.5711,81.2335,82.83,76,36,18.7,scattered clouds
185,Verkhnevilyuysk,RU,2021-05-30 16:51:18,63.4453,120.3167,47.23,58,30,4.03,scattered clouds
186,Coihaique,CL,2021-05-30 16:51:19,-45.5752,-72.0662,47.01,93,90,9.22,moderate rain
187,Kloulklubed,PW,2021-05-30 16:51:19,7.0419,134.2556,83.79,75,100,23.49,overcast clouds
188,Kontagora,NG,2021-05-30 16:51:20,10.3999,5.4695,96.26,29,30,2.28,scattered clouds
189,Santa Marta,CO,2021-05-30 16:51:20,11.2408,-74.199,83.62,72,82,11.39,broken clouds
190,Airai,TL,2021-05-30 16:51:20,-8.9266,125.4092,58.8,90,99,1.61,overcast clouds
191,Nome,US,2021-05-30 16:51:21,64.5011,-165.4064,48.16,36,1,23.02,clear sky
192,Kiama,AU,2021-05-30 16:51:21,-34.6833,150.8667,48.25,81,28,1.99,scattered clouds
193,Changde,CN,2021-05-30 16:51:21,29.0464,111.6783,68.14,88,66,5.44,light rain
194,Manono,CD,2021-05-30 16:51:22,-7.3,27.4167,74.91,37,24,3.42,few clouds
195,Esperance,AU,2021-05-30 16:51:22,-33.8667,121.9,57.04,78,92,26.15,light rain
196,Lunca Cernii De Jos,RO,2021-05-30 16:51:23,45.6333,22.6167,51.69,70,65,6.71,broken clouds
197,Mount Gambier,AU,2021-05-30 16:51:23,-37.8333,140.7667,40.91,87,18,6.91,few clouds
198,Srandakan,ID,2021-05-30 16:51:23,-7.9386,110.2506,62.73,86,42,3.13,scattered clouds
199,Amapa,BR,2021-05-30 16:51:24,1.0,-52.0,82.65,75,43,4.29,scattered clouds
200,Provideniya,RU,2021-05-30 16:51:24,64.3833,-173.3,42.19,54,2,12.08,clear sky
201,Along,IN,2021-05-30 16:51:25,28.1667,94.7667,72.01,93,87,1.79,overcast clouds
202,Aswan,EG,2021-05-30 16:51:25,24.0934,32.907,98.29,11,100,5.66,overcast clouds
203,Komsomolskiy,UZ,2021-05-30 16:51:25,40.4272,71.7189,84.92,21,39,16.11,scattered clouds
204,Gwadar,PK,2021-05-30 16:49:17,25.1216,62.3254,85.33,80,0,13.49,clear sky
205,Namatanai,PG,2021-05-30 16:51:26,-3.6667,152.4333,78.78,83,93,5.82,light rain
206,Severo-Kurilsk,RU,2021-05-30 16:51:26,50.6789,156.125,38.61,97,100,15.23,light rain
207,Saint George,US,2021-05-30 16:49:09,37.1041,-113.5841,90.07,13,1,4.0,clear sky
208,Geraldton,AU,2021-05-30 16:51:27,-28.7667,114.6,57.61,88,90,15.68,light rain
209,Cayenne,GF,2021-05-30 16:51:27,4.9333,-52.3333,83.08,80,75,5.99,broken clouds
210,Tuatapere,NZ,2021-05-30 16:50:09,-46.1333,167.6833,49.82,96,100,8.32,light rain
211,Vao,NC,2021-05-30 16:51:27,-22.6667,167.4833,70.02,54,96,19.01,overcast clouds
212,Los Llanos De Aridane,ES,2021-05-30 16:51:28,28.6585,-17.9182,68.13,81,20,13.51,few clouds
213,Le Port,RE,2021-05-30 16:51:28,-20.9373,55.2919,70.61,81,3,4.85,clear sky
214,Tavricheskoye,RU,2021-05-30 16:51:29,54.5851,73.6395,76.91,29,56,17.45,broken clouds
215,Klaksvik,FO,2021-05-30 16:51:29,62.2266,-6.589,58.12,95,83,20.62,broken clouds
216,Katherine,AU,2021-05-30 16:51:30,-14.4667,132.2667,64.72,68,57,7.14,broken clouds
217,Demmin,DE,2021-05-30 16:51:30,53.9076,13.0314,62.98,67,9,8.19,clear sky
218,West Bay,KY,2021-05-30 16:51:30,19.3667,-81.4167,86.07,71,40,4.0,scattered clouds
219,Deputatskiy,RU,2021-05-30 16:51:31,69.3,139.9,45.18,64,95,4.21,overcast clouds
220,Chernyshevskiy,RU,2021-05-30 16:51:31,63.0128,112.4714,48.24,89,66,4.99,broken clouds
221,Maragogi,BR,2021-05-30 16:51:32,-9.0122,-35.2225,80.17,79,75,11.34,broken clouds
222,Sur,OM,2021-05-30 16:51:32,22.5667,59.5289,91.81,47,62,9.86,broken clouds
223,Norman Wells,CA,2021-05-30 16:51:32,65.282,-126.8329,39.24,87,75,11.5,broken clouds
224,Vulcanesti,MD,2021-05-30 16:51:33,45.6842,28.4028,65.89,55,100,1.97,overcast clouds
225,Anadyr,RU,2021-05-30 16:51:33,64.75,177.4833,36.1,80,0,4.0,clear sky
226,Baker City,US,2021-05-30 16:51:33,44.7749,-117.8344,66.13,47,1,4.61,clear sky
227,Vila Franca Do Campo,PT,2021-05-30 16:51:34,37.7167,-25.4333,68.41,66,35,8.14,scattered clouds
228,Belmonte,BR,2021-05-30 16:51:34,-15.8631,-38.8828,82.9,63,28,7.96,scattered clouds
229,Tyrma,RU,2021-05-30 16:51:34,50.0833,132.1667,42.3,94,79,3.0,broken clouds
230,Dolores,AR,2021-05-30 16:51:35,-36.3132,-57.6792,54.19,41,0,11.1,clear sky
231,Urumqi,CN,2021-05-30 16:48:12,43.801,87.6005,74.35,22,0,3.09,clear sky
232,Bengkulu,ID,2021-05-30 16:51:35,-3.8004,102.2655,76.8,87,98,5.53,moderate rain
233,Sekoma,BW,2021-05-30 16:51:36,-24.4,23.8833,58.64,25,0,5.66,clear sky
234,Lere,NG,2021-05-30 16:51:36,10.387,8.5726,95.43,15,43,9.95,scattered clouds
235,Gebre Guracha,ET,2021-05-30 16:51:36,9.8,38.4,63.97,28,4,10.83,clear sky
236,Sakhon Nakhon,TH,2021-05-30 16:51:37,17.1612,104.1472,82.47,71,21,5.35,few clouds
237,Banamba,ML,2021-05-30 16:51:37,13.55,-7.45,100.72,21,78,2.82,broken clouds
238,Montbeliard,FR,2021-05-30 16:51:37,47.5167,6.8,69.04,66,2,11.21,clear sky
239,Maracas,BR,2021-05-30 16:51:38,-13.4411,-40.4308,81.37,32,11,8.63,few clouds
240,Kroya,ID,2021-05-30 16:51:38,-7.6331,109.2461,78.19,87,46,4.74,scattered clouds
241,Takoradi,GH,2021-05-30 16:51:39,4.8845,-1.7554,83.28,73,82,11.68,broken clouds
242,Kenai,US,2021-05-30 16:47:20,60.5544,-151.2583,52.03,84,90,12.66,overcast clouds
243,Xingyi,CN,2021-05-30 16:51:39,24.1877,102.817,64.47,90,70,3.71,broken clouds
244,Khatanga,RU,2021-05-30 16:51:39,71.9667,102.5,35.46,99,100,5.95,overcast clouds
245,Carnarvon,AU,2021-05-30 16:51:40,-24.8667,113.6333,60.87,88,0,9.22,clear sky
246,Touros,BR,2021-05-30 16:51:40,-5.1989,-35.4608,88.7,67,44,14.0,scattered clouds
247,Kavaratti,IN,2021-05-30 16:51:40,10.5669,72.642,83.52,75,100,18.12,overcast clouds
248,Lasa,IT,2021-05-30 16:51:41,46.6166,10.7002,68.88,67,35,6.02,scattered clouds
249,Kangaatsiaq,GL,2021-05-30 16:51:41,68.3065,-53.4641,32.97,93,64,15.26,broken clouds
250,Sorland,NO,2021-05-30 16:51:42,67.667,12.6934,46.26,92,100,18.14,overcast clouds
251,San Ignacio,BZ,2021-05-30 16:51:42,17.1561,-89.0714,87.94,70,40,7.27,scattered clouds
252,Qingdao,CN,2021-05-30 16:49:11,36.0986,120.3719,65.8,88,40,4.5,light rain
253,Tasiilaq,GL,2021-05-30 16:51:42,65.6145,-37.6368,38.34,80,99,17.54,overcast clouds
254,Filadelfia,US,2021-05-30 16:47:17,39.9523,-75.1638,51.69,94,90,1.99,light rain
255,Vostok,RU,2021-05-30 16:51:43,46.4856,135.8833,42.17,80,96,2.91,overcast clouds
256,Coquimbo,CL,2021-05-30 16:51:43,-29.9533,-71.3436,56.93,88,40,4.23,scattered clouds
257,Hoquiam,US,2021-05-30 16:51:44,46.9809,-123.8893,64.54,50,1,0.0,clear sky
258,Khasan,RU,2021-05-30 16:51:44,42.4308,130.6434,52.23,94,100,6.13,overcast clouds
259,Half Moon Bay,US,2021-05-30 16:51:45,37.4636,-122.4286,72.05,68,1,4.12,clear sky
260,La Ronge,CA,2021-05-30 16:51:45,55.1001,-105.2842,55.65,47,1,5.75,clear sky
261,Xining,CN,2021-05-30 16:51:30,36.6167,101.7667,56.34,56,77,2.33,broken clouds
262,Sao Joao Da Barra,BR,2021-05-30 16:51:45,-21.6403,-41.0511,86.09,68,48,7.85,scattered clouds
263,Hami,CN,2021-05-30 16:51:46,42.8,93.45,76.68,9,1,10.56,clear sky
264,Bonavista,CA,2021-05-30 16:51:46,48.6499,-53.1147,66.2,73,5,6.13,clear sky
265,Vyartsilya,RU,2021-05-30 16:51:46,62.1764,30.693,54.48,52,68,2.82,broken clouds
266,Ozernovskiy,RU,2021-05-30 16:51:47,51.5,156.5167,40.55,88,100,2.59,overcast clouds
267,Kirakira,SB,2021-05-30 16:51:47,-10.4544,161.9205,77.31,89,96,7.74,overcast clouds
268,Tateyama,JP,2021-05-30 16:51:48,34.9833,139.8667,66.97,85,19,12.35,few clouds
269,Kudahuvadhoo,MV,2021-05-30 16:51:48,2.6708,72.8944,83.7,75,45,19.8,scattered clouds
270,Ostrovnoy,RU,2021-05-30 16:51:48,68.0531,39.5131,42.35,86,100,13.04,overcast clouds
271,Sharjah,AE,2021-05-30 16:51:40,25.3573,55.4033,93.54,52,0,2.53,clear sky
272,Zile,TR,2021-05-30 16:51:49,40.3031,35.8864,63.72,69,15,4.99,few clouds
273,Noumea,NC,2021-05-30 16:51:49,-22.2763,166.4572,70.0,99,100,10.42,overcast clouds
274,Atbasar,KZ,2021-05-30 16:51:50,51.8,68.3333,74.19,46,26,17.02,scattered clouds
275,Vestmannaeyjar,IS,2021-05-30 16:51:50,63.4427,-20.2734,47.39,100,90,17.27,overcast clouds
276,Cabo San Lucas,MX,2021-05-30 16:47:28,22.8909,-109.9124,91.81,50,4,8.59,clear sky
277,New Port Richey,US,2021-05-30 16:51:50,28.2442,-82.7193,90.01,66,83,1.99,broken clouds
278,Brae,GB,2021-05-30 16:51:51,60.3964,-1.353,48.11,80,7,12.55,clear sky
279,Russell,US,2021-05-30 16:51:51,32.3502,-85.1999,74.91,62,1,4.52,clear sky
280,Grand Gaube,MU,2021-05-30 16:51:52,-20.0064,57.6608,75.6,81,2,1.99,clear sky
281,Scarborough,GB,2021-05-30 16:51:52,54.2797,-0.4044,64.83,77,8,3.0,clear sky
282,Zheleznodorozhnyy,RU,2021-05-30 16:51:52,55.7503,38.0042,54.36,51,68,10.83,light rain
283,Watsa,CD,2021-05-30 16:51:53,3.0372,29.5355,70.99,76,98,0.56,overcast clouds
284,Arraial Do Cabo,BR,2021-05-30 16:50:16,-22.9661,-42.0278,78.76,78,75,11.5,broken clouds
285,Ulaanbaatar,MN,2021-05-30 16:47:39,47.9077,106.8832,37.53,75,0,5.32,clear sky
286,Coahuayana,MX,2021-05-30 16:51:54,18.7333,-103.6833,92.35,29,92,6.02,overcast clouds
287,Port Elizabeth,ZA,2021-05-30 16:51:54,-33.918,25.5701,59.09,71,0,4.61,clear sky
288,Alice Springs,AU,2021-05-30 16:51:54,-23.7,133.8833,40.55,56,63,5.44,broken clouds
289,Bondoukou,CI,2021-05-30 16:51:55,8.0333,-2.8,87.35,55,77,9.73,broken clouds
290,Cintalapa,MX,2021-05-30 16:51:55,16.6951,-93.7272,87.31,54,31,2.33,scattered clouds
291,Sayville,US,2021-05-30 16:48:36,40.7359,-73.0821,52.52,95,90,10.0,light rain
292,Mildura,AU,2021-05-30 16:51:56,-34.2,142.15,37.36,75,0,6.91,clear sky
293,Birjand,IR,2021-05-30 16:47:09,32.8663,59.2211,84.67,8,0,6.91,clear sky
294,Arlit,NE,2021-05-30 16:51:56,18.7369,7.3853,107.62,4,91,16.26,overcast clouds
295,Qeshm,IR,2021-05-30 16:51:56,26.9581,56.2719,91.27,59,0,9.28,clear sky
296,Westerland,DE,2021-05-30 16:51:57,54.9079,8.3033,71.19,76,0,12.66,clear sky
297,Souillac,MU,2021-05-30 16:51:57,-20.5167,57.5167,75.58,83,20,7.43,few clouds
298,Baghdad,IQ,2021-05-30 16:51:13,33.3406,44.4009,98.51,15,0,14.52,clear sky
299,Makakilo City,US,2021-05-30 16:51:58,21.3469,-158.0858,72.61,84,75,5.75,broken clouds
300,Hirara,JP,2021-05-30 16:51:58,24.8,125.2833,79.3,84,100,10.45,overcast clouds
301,Bahia Honda,CU,2021-05-30 16:51:59,22.9036,-83.1592,85.87,56,11,7.76,heavy intensity rain
302,Pitogo,PH,2021-05-30 16:51:59,13.7847,122.0881,81.19,83,94,2.42,overcast clouds
303,Bac Lieu,VN,2021-05-30 16:51:59,9.285,105.7244,83.41,79,69,7.49,broken clouds
304,Thinadhoo,MV,2021-05-30 16:52:00,0.5333,72.9333,83.44,72,26,17.43,scattered clouds
305,Nemuro,JP,2021-05-30 16:52:00,43.3236,145.575,41.36,91,99,15.48,overcast clouds
306,Dondo,MZ,2021-05-30 16:52:00,-19.6094,34.7431,71.11,76,0,6.44,clear sky
307,Roros,NO,2021-05-30 16:52:01,62.5747,11.3842,67.84,34,0,11.5,clear sky
308,Dayong,CN,2021-05-30 16:52:01,25.0209,118.2898,74.88,97,100,2.62,overcast clouds
309,Pacific Grove,US,2021-05-30 16:52:01,36.6177,-121.9166,63.81,86,90,3.0,overcast clouds
310,Krasnoselkup,RU,2021-05-30 16:52:02,65.7,82.4667,53.49,81,100,21.61,light rain
311,At-Bashi,KG,2021-05-30 16:52:02,41.1702,75.8106,54.36,74,75,0.47,broken clouds
312,Altay,CN,2021-05-30 16:52:02,47.8667,88.1167,61.54,19,4,7.85,clear sky
313,Bagdarin,RU,2021-05-30 16:52:03,54.4333,113.6,36.66,69,96,4.38,overcast clouds
314,Tilichiki,RU,2021-05-30 16:52:03,60.4667,166.1,36.63,88,100,1.23,overcast clouds
315,Namibe,AO,2021-05-30 16:52:03,-15.1961,12.1522,72.48,74,13,15.3,few clouds
316,Jeremie,HT,2021-05-30 16:52:04,18.65,-74.1167,83.1,71,9,3.36,clear sky
317,Marquette,US,2021-05-30 16:52:04,46.5333,-87.6335,63.84,39,92,10.11,overcast clouds
318,Vardo,NO,2021-05-30 16:52:04,70.3705,31.1107,42.78,70,75,13.8,broken clouds
319,Mayo,US,2021-05-30 16:49:51,38.8876,-76.5119,54.43,90,90,3.0,overcast clouds
320,Castro,BR,2021-05-30 16:52:05,-24.7911,-50.0119,57.18,98,100,3.65,overcast clouds
321,Iqaluit,CA,2021-05-30 16:52:05,63.7506,-68.5145,35.33,69,75,10.0,broken clouds
322,Khrebtovaya,RU,2021-05-30 16:52:05,56.7032,104.2494,30.24,93,93,2.3,overcast clouds
323,Ilulissat,GL,2021-05-30 16:52:06,69.2167,-51.1,40.21,59,69,2.91,broken clouds
324,Srednekolymsk,RU,2021-05-30 16:52:06,67.45,153.6833,52.32,43,12,7.25,few clouds
325,Solnechnyy,RU,2021-05-30 16:52:06,50.7214,136.6319,44.26,84,100,2.53,overcast clouds
326,Dronninglund,DK,2021-05-30 16:52:07,57.1604,10.2929,73.15,69,3,5.5,clear sky
327,Alofi,NU,2021-05-30 16:52:07,-19.0595,-169.9187,75.09,94,35,3.44,light rain
328,Guymon,US,2021-05-30 16:52:08,36.6828,-101.4816,60.8,100,90,5.75,overcast clouds
329,Phangnga,TH,2021-05-30 16:52:08,8.4509,98.5298,87.82,94,98,2.84,overcast clouds
330,Burnie,AU,2021-05-30 16:52:08,-41.0667,145.9167,40.91,88,4,3.4,clear sky
331,Kulhudhuffushi,MV,2021-05-30 16:52:09,6.6221,73.07,83.43,74,87,20.24,overcast clouds
332,Boulder City,US,2021-05-30 16:52:00,35.9786,-114.8325,90.72,12,1,5.75,clear sky
333,College,US,2021-05-30 16:47:14,64.8569,-147.8028,54.21,61,75,4.61,broken clouds
334,Torbat-E Jam,IR,2021-05-30 16:52:09,35.244,60.6225,88.18,9,0,10.83,clear sky
335,San Lorenzo,PY,2021-05-30 16:47:34,-25.3333,-57.5333,72.59,28,0,14.0,clear sky
336,Naze,JP,2021-05-30 16:52:10,28.3667,129.4833,70.72,82,100,11.65,overcast clouds
337,Kurchum,KZ,2021-05-30 16:52:10,48.5722,83.6542,60.8,50,0,7.45,clear sky
338,Filingue,NE,2021-05-30 16:52:11,14.3521,3.3168,106.77,11,5,5.26,clear sky
339,Mamallapuram,IN,2021-05-30 16:52:11,12.6264,80.1722,89.06,72,80,15.57,broken clouds
340,Beidao,CN,2021-05-30 16:52:11,34.5686,105.8933,64.24,73,48,3.87,scattered clouds
341,Flin Flon,CA,2021-05-30 16:52:12,54.7682,-101.865,42.64,75,90,6.96,overcast clouds
342,Kaabong,UG,2021-05-30 16:52:12,3.4836,34.1492,69.08,58,14,10.31,few clouds
343,Mocuba,MZ,2021-05-30 16:52:12,-16.8392,36.9856,68.41,59,0,4.16,clear sky
344,Torrington,US,2021-05-30 16:52:13,41.8007,-73.1212,49.68,95,100,3.0,overcast clouds
345,Bull Savanna,JM,2021-05-30 16:52:13,17.8868,-77.5902,83.41,64,11,14.32,few clouds
346,Samarai,PG,2021-05-30 16:52:14,-10.6167,150.6667,79.32,76,99,15.59,overcast clouds
347,Biharamulo,TZ,2021-05-30 16:52:14,-2.6319,31.3089,68.77,68,98,2.17,overcast clouds
348,Penzance,GB,2021-05-30 16:52:14,50.1186,-5.5371,67.21,71,6,15.46,clear sky
349,Kieta,PG,2021-05-30 16:52:15,-6.2167,155.6333,78.03,85,77,4.27,broken clouds
350,Jalu,LY,2021-05-30 16:52:15,29.0331,21.5482,98.17,14,2,10.45,clear sky
351,Flinders,AU,2021-05-30 16:52:15,-34.5833,150.8552,48.06,81,23,1.01,few clouds
352,Puerto Escondido,MX,2021-05-30 16:52:16,15.85,-97.0667,88.3,62,23,6.93,few clouds
353,Itum-Kale,RU,2021-05-30 16:52:16,42.7356,45.5758,58.71,98,94,1.25,overcast clouds
354,Tadine,NC,2021-05-30 16:52:16,-21.55,167.8833,67.73,74,32,11.39,scattered clouds
355,Bintulu,MY,2021-05-30 16:52:17,3.1667,113.0333,75.61,100,20,0.0,few clouds
356,Sidhpura,IN,2021-05-30 16:52:17,27.6333,78.8833,94.1,34,17,8.5,few clouds
357,Husavik,IS,2021-05-30 16:52:18,66.0449,-17.3389,55.31,49,87,17.31,overcast clouds
358,San Matias,BO,2021-05-30 16:52:18,-16.3667,-58.4,96.33,25,93,3.91,overcast clouds
359,Ouahigouya,BF,2021-05-30 16:52:18,13.5828,-2.4216,106.47,12,5,8.16,clear sky
360,Karratha,AU,2021-05-30 16:52:19,-20.7377,116.8463,69.46,54,70,8.63,broken clouds
361,Pedasi,PA,2021-05-30 16:52:19,7.5333,-80.0333,83.44,72,44,6.58,scattered clouds
362,Kinna,SE,2021-05-30 16:52:19,57.5073,12.6946,75.74,48,9,7.47,clear sky
363,Chara,RU,2021-05-30 16:52:20,56.9064,118.2631,45.99,84,96,2.3,light rain
364,Mosquera,CO,2021-05-30 16:49:20,4.7059,-74.2302,66.29,59,40,2.3,scattered clouds
365,Marzuq,YE,2021-05-30 16:52:20,14.4,46.4667,82.53,38,0,7.52,clear sky
366,Sitka,US,2021-05-30 16:52:21,57.0531,-135.33,51.69,71,90,5.75,light rain
367,Peterhead,GB,2021-05-30 16:52:21,57.5058,-1.7981,67.44,88,6,16.8,clear sky
368,Constitucion,CL,2021-05-30 16:52:21,-35.3333,-72.4167,59.52,52,77,8.21,light rain
369,Isla Vista,US,2021-05-30 16:52:22,34.4133,-119.861,68.83,53,1,8.05,clear sky
370,Dehloran,IR,2021-05-30 16:52:22,32.6941,47.2679,97.68,9,0,10.11,clear sky
371,Anloga,GH,2021-05-30 16:52:23,5.7947,0.8973,86.22,76,86,14.29,overcast clouds
372,Hasaki,JP,2021-05-30 16:52:23,35.7333,140.8333,63.0,77,34,12.88,scattered clouds
373,Port Hardy,CA,2021-05-30 16:49:20,50.6996,-127.4199,51.98,93,90,12.66,light rain
374,Faya,SA,2021-05-30 16:52:23,18.3851,42.4509,77.11,28,57,3.13,broken clouds
375,Saint Anthony,US,2021-05-30 16:52:24,45.0205,-93.218,58.33,78,90,1.99,overcast clouds
376,Praya,CV,2021-05-30 16:52:24,14.9215,-23.5087,82.94,54,20,16.11,few clouds
377,Constantine,DZ,2021-05-30 16:52:25,36.365,6.6147,81.81,36,75,10.36,broken clouds
378,Fukue,JP,2021-05-30 16:52:25,32.6881,128.8419,67.87,70,0,6.06,clear sky
379,Bodden Town,KY,2021-05-30 16:52:25,19.2833,-81.25,86.0,33,40,6.24,scattered clouds
380,Salalah,OM,2021-05-30 16:52:26,17.0151,54.0924,82.38,84,37,10.42,scattered clouds
381,Mareeba,AU,2021-05-30 16:52:26,-17.0,145.4333,65.44,92,72,3.71,broken clouds
382,Cap Malheureux,MU,2021-05-30 16:52:26,-19.9842,57.6142,75.69,81,2,1.99,clear sky
383,Farafangana,MG,2021-05-30 16:52:27,-22.8167,47.8333,72.66,88,6,9.1,light rain
384,Cam Ranh,VN,2021-05-30 16:52:27,11.9214,109.1591,82.36,78,0,5.66,clear sky
385,Denpasar,ID,2021-05-30 16:49:17,-8.65,115.2167,78.46,94,20,1.9,few clouds
386,Merauke,ID,2021-05-30 16:52:27,-8.4667,140.3333,75.29,87,72,12.44,broken clouds
387,Ca Mau,VN,2021-05-30 16:52:28,9.1769,105.15,80.65,86,47,4.29,scattered clouds
388,Dom Pedro,BR,2021-05-30 16:52:28,-4.4833,-44.45,93.56,38,4,4.03,clear sky
389,Ambon,ID,2021-05-30 16:52:29,-3.6954,128.1814,79.99,81,100,7.65,overcast clouds
390,Huarmey,PE,2021-05-30 16:52:29,-10.0681,-78.1522,71.1,75,60,10.78,broken clouds
391,North Bend,US,2021-05-30 16:52:29,43.4065,-124.2243,67.98,78,40,3.44,scattered clouds
392,Lata,PT,2021-05-30 16:52:30,40.1629,-8.3327,84.04,46,56,6.53,broken clouds
393,Atasu,KZ,2021-05-30 16:52:30,48.6814,71.6433,72.99,26,12,11.65,few clouds
394,Paamiut,GL,2021-05-30 16:52:30,61.994,-49.6678,35.44,92,70,23.2,broken clouds
395,Sinnamary,GF,2021-05-30 16:52:31,5.3833,-52.95,80.51,84,93,9.24,overcast clouds
396,Kununurra,AU,2021-05-30 16:52:31,-15.7667,128.7333,62.58,72,64,0.0,broken clouds
397,Ust-Kut,RU,2021-05-30 16:52:32,56.7938,105.7672,35.26,80,99,2.01,overcast clouds
398,Richards Bay,ZA,2021-05-30 16:52:32,-28.783,32.0377,63.91,72,12,9.1,few clouds
399,Zhenlai,CN,2021-05-30 16:52:32,45.8495,123.2973,58.17,65,42,4.05,scattered clouds
400,Seoul,KR,2021-05-30 16:48:12,37.5683,126.9778,62.2,97,90,2.17,overcast clouds
401,Alexandria,EG,2021-05-30 16:49:05,31.2156,29.9553,91.94,100,0,9.22,clear sky
402,Carmarthen,GB,2021-05-30 16:52:33,51.8555,-4.3054,66.76,72,98,7.31,overcast clouds
403,Pitimbu,BR,2021-05-30 16:52:33,-7.4706,-34.8086,82.99,76,91,13.0,overcast clouds
404,Horizontina,BR,2021-05-30 16:52:33,-27.6258,-54.3078,63.36,34,1,8.12,clear sky
405,Harindanga,IN,2021-05-30 16:52:34,22.0383,88.3214,85.98,85,36,13.62,scattered clouds
406,Luganville,VU,2021-05-30 16:52:34,-15.5333,167.1667,72.28,90,100,5.53,overcast clouds
407,Donetsk,UA,2021-05-30 16:52:34,48.0,37.8,66.07,66,87,8.55,overcast clouds
408,Thai Binh,VN,2021-05-30 16:52:35,20.45,106.3333,86.0,68,100,11.25,overcast clouds
409,Ghanzi,BW,2021-05-30 16:52:35,-21.5667,21.7833,64.8,26,47,6.73,scattered clouds
410,Edd,ER,2021-05-30 16:52:36,13.9297,41.6925,88.92,62,10,3.49,clear sky
411,Oranjemund,NA,2021-05-30 16:52:36,-28.55,16.4333,56.91,82,0,9.15,clear sky
412,Pittsburg,US,2021-05-30 16:48:30,38.028,-121.8847,72.21,56,1,4.0,clear sky
413,Maniitsoq,GL,2021-05-30 16:52:36,65.4167,-52.9,35.51,88,100,5.44,overcast clouds
414,Skegness,GB,2021-05-30 16:52:37,53.1436,0.3363,64.09,77,7,11.95,clear sky
415,Las Tunas,CU,2021-05-30 16:52:37,20.9617,-76.9511,91.78,44,21,1.79,few clouds
416,Roald,NO,2021-05-30 16:52:38,62.5833,6.1333,68.16,76,0,6.91,clear sky
417,Asind,IN,2021-05-30 16:52:38,25.7333,74.3333,92.34,27,11,17.47,few clouds
418,Isangel,VU,2021-05-30 16:52:39,-19.55,169.2667,70.05,76,92,5.75,overcast clouds
419,Zhezkazgan,KZ,2021-05-30 16:52:39,47.8043,67.7144,74.01,46,81,10.22,broken clouds
420,Asau,RO,2021-05-30 16:52:39,46.4333,26.4,59.92,83,55,3.42,broken clouds
421,Mandalgovi,MN,2021-05-30 16:52:40,45.7625,106.2708,39.97,65,79,21.45,broken clouds
422,Atar,MR,2021-05-30 16:52:41,20.5169,-13.0499,109.17,10,21,3.69,few clouds
423,Marawi,PH,2021-05-30 16:48:39,7.9986,124.2928,67.64,94,100,2.06,heavy intensity rain
424,Formosa,AR,2021-05-30 16:48:11,-26.1775,-58.1781,66.18,39,0,11.5,clear sky
425,Fandriana,MG,2021-05-30 16:52:41,-20.2333,47.3833,56.21,86,30,3.02,scattered clouds
426,Kitimat,CA,2021-05-30 16:52:42,54.0524,-128.6534,52.92,95,100,0.92,light rain
427,Charters Towers,AU,2021-05-30 16:52:42,-20.1,146.2667,58.17,92,28,10.38,scattered clouds
428,Pokrovsk,UA,2021-05-30 16:52:42,48.282,37.1758,60.66,80,63,7.27,broken clouds
429,Miyoshi,JP,2021-05-30 16:52:43,35.0833,137.0667,63.72,74,0,3.74,clear sky
430,Ajdabiya,LY,2021-05-30 16:51:09,30.7554,20.2263,82.65,39,0,15.05,clear sky
431,Haizhou,CN,2021-05-30 16:52:43,34.5817,119.1289,66.88,93,8,7.54,light rain
432,Manta,EC,2021-05-30 16:52:43,-0.95,-80.7333,78.58,78,75,6.91,broken clouds
433,Oxford,GB,2021-05-30 16:52:44,51.7522,-1.256,69.4,51,0,1.01,clear sky
434,Okhotsk,RU,2021-05-30 16:52:44,59.3833,143.3,36.3,95,98,6.87,overcast clouds
435,Lima,PE,2021-05-30 16:50:43,-12.0432,-77.0282,64.13,82,90,4.61,overcast clouds
436,San Quintin,MX,2021-05-30 16:52:45,30.4833,-115.95,63.18,66,86,11.25,overcast clouds
437,Irituia,BR,2021-05-30 16:52:45,-1.7711,-47.4381,90.97,51,9,4.59,clear sky
438,Dzheyrakh,RU,2021-05-30 16:52:46,42.8228,44.6756,56.59,92,47,1.72,scattered clouds
439,Qazanbulaq,AZ,2021-05-30 16:52:46,40.6192,46.6519,86.77,41,2,21.74,clear sky
440,Niort,FR,2021-05-30 16:52:46,46.3333,-0.3333,77.99,56,24,14.03,few clouds
441,Sao Paulo De Olivenca,BR,2021-05-30 16:52:47,-3.3783,-68.8725,91.92,49,53,4.12,broken clouds
442,Batu Berendam,MY,2021-05-30 16:52:47,2.2487,102.246,80.65,94,40,0.0,scattered clouds
443,Sandwich,US,2021-05-30 16:52:48,41.6459,-88.6217,69.3,47,27,4.29,scattered clouds
444,Muravlenko,RU,2021-05-30 16:52:48,63.7898,74.523,47.84,87,100,9.44,moderate rain
445,Moron,AR,2021-05-30 16:52:18,-34.6534,-58.6198,59.85,36,4,4.0,clear sky
446,Vila,PT,2021-05-30 16:52:49,42.0304,-8.1588,74.7,50,53,4.79,broken clouds
447,Pilar,BR,2021-05-30 16:52:49,-9.5972,-35.9567,80.53,72,83,9.95,broken clouds
448,Biltine,TD,2021-05-30 16:52:50,14.5333,20.9167,99.61,9,3,9.55,clear sky
449,Gornopravdinsk,RU,2021-05-30 16:52:50,60.05,69.9,67.06,52,74,7.56,broken clouds
450,Arcoverde,BR,2021-05-30 16:52:50,-8.4189,-37.0539,79.95,56,97,9.48,overcast clouds
451,Trapani,IT,2021-05-30 16:52:51,37.8333,12.6667,76.28,88,0,8.93,clear sky
452,Praia Da Vitoria,PT,2021-05-30 16:49:29,38.7333,-27.0667,68.25,73,40,11.21,scattered clouds
453,Vytegra,RU,2021-05-30 16:52:51,61.0064,36.4481,43.63,59,7,4.59,clear sky
454,Asyut,EG,2021-05-30 16:52:51,27.181,31.1837,98.78,11,29,10.09,scattered clouds
455,Ushtobe,KZ,2021-05-30 16:52:52,45.2514,77.9838,70.47,15,86,7.29,overcast clouds
456,Nador,MA,2021-05-30 16:52:52,35.174,-2.9287,71.85,43,0,4.14,clear sky
457,Knysna,ZA,2021-05-30 16:52:53,-34.0363,23.0471,55.78,87,98,5.46,overcast clouds
458,Lakatoro,VU,2021-05-30 16:52:53,-16.0999,167.4164,70.97,87,100,6.93,overcast clouds
459,Kargasok,RU,2021-05-30 16:52:53,59.0556,80.8572,62.2,75,45,9.75,scattered clouds
460,Maroantsetra,MG,2021-05-30 16:52:54,-15.4333,49.7333,74.44,86,44,3.24,light rain
461,Liwale,TZ,2021-05-30 16:52:54,-9.7667,37.9333,71.29,61,33,0.76,scattered clouds
462,Tiznit,MA,2021-05-30 16:52:55,29.5833,-9.5,84.51,29,100,9.71,overcast clouds
463,Svetlaya,RU,2021-05-30 16:52:55,46.5389,138.3297,40.71,91,91,2.64,overcast clouds
464,Hobyo,SO,2021-05-30 16:52:55,5.3505,48.5268,79.54,83,98,24.4,overcast clouds
465,Westport,US,2021-05-30 16:52:56,41.1415,-73.3579,52.32,93,100,1.01,overcast clouds
466,Shahpura,IN,2021-05-30 16:52:56,27.3833,75.9667,87.13,35,58,5.77,broken clouds
467,Shipunovo,RU,2021-05-30 16:52:57,52.1582,82.2173,56.21,66,0,7.92,clear sky
468,Banda Aceh,ID,2021-05-30 16:52:57,5.5577,95.3222,81.41,71,84,12.15,broken clouds
469,Oliver,CA,2021-05-30 16:52:57,49.1831,-119.5524,62.85,41,73,4.27,broken clouds
470,Santa Lucia,ES,2021-05-30 16:52:58,27.9117,-15.5407,67.32,60,20,12.91,few clouds
471,Hambantota,LK,2021-05-30 16:52:58,6.1241,81.1185,80.76,79,84,19.37,broken clouds
472,Hamilton,US,2021-05-30 16:48:43,39.1834,-84.5333,60.6,68,90,1.01,overcast clouds
473,Honiara,SB,2021-05-30 16:52:59,-9.4333,159.95,76.23,89,53,3.44,broken clouds
474,Macae,BR,2021-05-30 16:52:59,-22.3708,-41.7869,83.95,74,20,10.36,few clouds
475,Acarau,BR,2021-05-30 16:52:59,-2.8856,-40.12,86.25,58,7,14.56,clear sky
476,Pasir Gudang,MY,2021-05-30 16:53:00,1.4584,103.8805,84.25,83,75,1.14,broken clouds
477,Willmar,US,2021-05-30 16:53:00,45.1219,-95.0433,66.36,77,1,0.0,clear sky
478,Kapit,MY,2021-05-30 16:53:01,2.0167,112.9333,74.23,98,50,0.45,scattered clouds
479,Rach Gia,VN,2021-05-30 16:53:01,10.0167,105.0833,80.55,79,4,9.84,clear sky
480,Batagay,RU,2021-05-30 16:53:01,67.6333,134.6333,45.61,75,65,4.79,broken clouds
481,Owando,CG,2021-05-30 16:53:02,-0.4819,15.8999,82.98,61,95,2.33,overcast clouds
482,Hualmay,PE,2021-05-30 16:53:02,-11.0964,-77.6139,70.02,73,56,11.23,broken clouds
483,Katsuura,JP,2021-05-30 16:53:03,35.1333,140.3,66.31,88,37,13.67,scattered clouds
484,Iranshahr,IR,2021-05-30 16:53:03,27.2025,60.6848,104.34,5,0,9.22,clear sky
485,Rio Grande,BR,2021-05-30 16:50:15,-32.035,-52.0986,57.31,44,20,12.55,few clouds
486,Havoysund,NO,2021-05-30 16:53:03,70.9963,24.6622,43.03,95,100,28.1,overcast clouds
487,Yurty,RU,2021-05-30 16:53:04,56.0498,97.6348,36.68,93,99,2.77,overcast clouds
488,Teguldet,RU,2021-05-30 16:53:04,57.3064,88.1667,42.91,59,89,4.68,overcast clouds
489,San Carlos De Bariloche,AR,2021-05-30 16:48:15,-41.1456,-71.3082,49.75,66,40,9.37,scattered clouds
490,Zhigansk,RU,2021-05-30 16:53:05,66.7697,123.3711,48.0,57,2,11.1,clear sky
491,Sept-Iles,CA,2021-05-30 16:50:19,50.2001,-66.3821,58.24,62,1,5.01,clear sky
492,Delijan,IR,2021-05-30 16:53:05,33.9905,50.6838,85.66,8,0,14.94,clear sky
493,Winnipeg,CA,2021-05-30 16:52:57,49.8844,-97.147,70.09,44,75,3.44,broken clouds
494,Palana,RU,2021-05-30 16:53:06,59.1167,159.9667,33.73,84,86,4.29,overcast clouds
495,Kamenka,RU,2021-05-30 16:53:06,51.3223,42.7678,62.76,93,87,10.02,light rain
496,Quatre Cocos,MU,2021-05-30 16:53:06,-20.2078,57.7625,75.31,77,2,7.07,clear sky
497,Fort Walton Beach,US,2021-05-30 16:53:07,30.4058,-86.6188,80.98,52,1,3.0,clear sky
498,Pozo Colorado,PY,2021-05-30 16:53:07,-23.4923,-58.7972,70.18,35,88,8.43,overcast clouds
499,Caucaia,BR,2021-05-30 16:53:08,-3.7361,-38.6531,87.75,67,20,8.9,few clouds
500,Pemba,MZ,2021-05-30 16:53:08,-12.974,40.5178,79.5,83,75,8.01,broken clouds
501,Gladstone,AU,2021-05-30 16:53:08,-23.85,151.25,58.93,67,0,4.61,clear sky
502,Buala,SB,2021-05-30 16:53:09,-8.145,159.5921,78.53,85,42,4.99,scattered clouds
503,Kizema,RU,2021-05-30 16:53:09,61.113,44.8302,43.7,53,87,8.08,overcast clouds
504,Kelcyre,AL,2021-05-30 16:53:10,40.3131,20.1894,62.2,93,100,4.99,overcast clouds
505,Panikian,PH,2021-05-30 16:53:10,7.0107,126.0242,76.71,94,100,2.53,heavy intensity rain
506,Bridlington,GB,2021-05-30 16:53:10,54.0831,-0.1919,61.02,81,11,8.34,few clouds
507,Taltal,CL,2021-05-30 16:53:11,-25.4,-70.4833,67.35,68,17,5.37,few clouds
508,Yar,RU,2021-05-30 16:53:11,58.249,52.1026,40.48,91,85,3.89,overcast clouds
509,Finschhafen,PG,2021-05-30 16:53:12,-6.6024,147.8681,78.55,81,85,9.82,overcast clouds
510,Najran,SA,2021-05-30 16:53:12,17.4924,44.1277,93.85,12,4,5.82,clear sky
511,Prince Rupert,CA,2021-05-30 16:53:12,54.3161,-130.3201,50.09,93,90,2.3,light rain
512,Tias,ES,2021-05-30 16:53:13,28.9611,-13.645,71.28,64,20,20.71,few clouds
513,Merke,KZ,2021-05-30 16:53:13,42.8728,73.1786,65.84,66,100,10.29,overcast clouds
514,Dalvik,IS,2021-05-30 16:53:13,65.9702,-18.5286,55.33,70,99,5.99,overcast clouds
515,Hit,IQ,2021-05-30 16:53:14,33.6416,42.8251,92.23,16,81,10.92,broken clouds
516,Smithers,CA,2021-05-30 16:53:14,54.7804,-127.1743,46.72,93,90,2.3,overcast clouds
517,Orlik,RU,2021-05-30 16:53:14,52.5178,99.825,33.03,85,97,3.94,overcast clouds
518,Tazovskiy,RU,2021-05-30 16:53:15,67.4667,78.7,36.73,96,100,11.14,overcast clouds
519,Jumla,NP,2021-05-30 16:53:15,29.2747,82.1838,55.92,94,23,2.62,few clouds
520,Dorfen,DE,2021-05-30 16:53:16,48.2667,12.15,63.5,64,5,5.64,clear sky
521,Sabang,ID,2021-05-30 16:53:16,5.8933,95.3214,83.98,70,44,19.06,scattered clouds
522,Doha,QA,2021-05-30 16:53:16,25.2867,51.5333,100.71,62,0,11.5,clear sky
523,Curitibanos,BR,2021-05-30 16:50:14,-27.2828,-50.5844,64.74,45,70,2.46,broken clouds
524,Vanderhoof,CA,2021-05-30 16:53:17,54.0166,-124.0198,55.47,51,100,3.42,light rain
525,Palafrugell,ES,2021-05-30 16:53:17,41.9174,3.1631,73.35,22,79,4.43,light rain
526,Iisalmi,FI,2021-05-30 16:53:18,63.5592,27.1907,57.22,50,37,4.59,scattered clouds
527,Joshimath,IN,2021-05-30 16:53:18,30.5667,79.5667,65.41,82,90,1.19,overcast clouds
528,Jiuquan,CN,2021-05-30 16:53:18,39.7432,98.5174,67.68,28,76,5.82,broken clouds
529,Porto Novo,BJ,2021-05-30 16:53:19,6.4965,2.6036,84.02,71,59,12.28,broken clouds
530,Jiangyou,CN,2021-05-30 16:53:19,31.7667,104.7167,72.9,72,87,1.41,overcast clouds
531,Tabou,CI,2021-05-30 16:53:20,4.423,-7.3528,81.68,80,86,7.23,light rain
532,Hofn,IS,2021-05-30 16:53:20,64.2539,-15.2082,48.22,100,90,14.97,moderate rain
533,Smolenka,RU,2021-05-30 16:53:20,52.1352,113.4974,48.27,27,97,6.08,overcast clouds
534,Mende,FR,2021-05-30 16:53:21,44.6667,3.5,55.44,87,83,2.64,broken clouds
535,Udachnyy,RU,2021-05-30 16:53:21,66.4167,112.4,51.67,43,17,5.41,few clouds
536,Maldonado,UY,2021-05-30 16:53:21,-34.6667,-54.9167,54.79,50,8,14.79,clear sky
537,Lagoa,PT,2021-05-30 16:53:22,39.05,-27.9833,63.37,73,42,8.34,scattered clouds
538,Krasnovishersk,RU,2021-05-30 16:53:22,60.4078,57.082,40.55,87,60,2.26,broken clouds
539,San Vicente De Canete,PE,2021-05-30 16:50:45,-13.0751,-76.3835,69.06,76,41,7.52,scattered clouds
540,Les Cayes,HT,2021-05-30 16:53:23,18.2,-73.75,85.59,63,25,12.53,scattered clouds
541,Tres Arroyos,AR,2021-05-30 16:53:23,-38.3739,-60.2798,55.76,34,25,15.59,scattered clouds
542,Nouadhibou,MR,2021-05-30 16:53:24,20.931,-17.0347,76.98,65,91,13.8,overcast clouds
543,The Pas,CA,2021-05-30 16:53:24,53.8251,-101.2541,46.42,71,90,7.58,overcast clouds
544,Kidal,ML,2021-05-30 16:53:24,18.4411,1.4078,106.84,5,89,13.22,overcast clouds
545,Meulaboh,ID,2021-05-30 16:53:25,4.1363,96.1285,76.37,87,100,2.3,overcast clouds
546,Santa Cruz,BO,2021-05-30 16:53:25,-17.8,-63.1667,75.25,50,75,13.8,light rain
547,Natchitoches,US,2021-05-30 16:53:26,31.7668,-93.1335,72.19,64,40,3.44,scattered clouds
548,Broken Hill,AU,2021-05-30 16:53:26,-31.95,141.4333,42.51,49,2,11.5,clear sky
549,Kousseri,CM,2021-05-30 16:53:26,12.0769,15.0306,109.36,10,20,6.91,few clouds
550,Yerbogachen,RU,2021-05-30 16:53:27,61.2767,108.0108,44.28,65,95,11.54,overcast clouds
551,Magnitogorsk,RU,2021-05-30 16:49:01,53.4186,59.0472,63.43,100,75,4.65,broken clouds
552,Wanaka,NZ,2021-05-30 16:50:07,-44.7,169.15,46.47,97,100,6.31,overcast clouds
553,Sibolga,ID,2021-05-30 16:53:27,1.7427,98.7792,76.6,90,51,2.93,broken clouds
554,Waddan,LY,2021-05-30 16:53:28,29.1614,16.139,97.95,13,58,14.94,broken clouds
555,Calca,PE,2021-05-30 16:53:28,-13.3333,-71.95,65.55,36,54,3.38,broken clouds
556,Buta,CD,2021-05-30 16:53:29,2.7858,24.73,78.04,71,83,2.71,light rain
557,Dosso,NE,2021-05-30 16:53:29,13.049,3.1937,105.04,16,43,9.98,scattered clouds
558,Sao Jose Da Coroa Grande,BR,2021-05-30 16:53:29,-8.8978,-35.1478,80.1,79,83,11.59,broken clouds
559,Kuito,AO,2021-05-30 16:53:30,-12.3833,16.9333,59.83,41,4,3.85,clear sky
560,Napierville,CA,2021-05-30 16:53:30,45.1865,-73.4047,68.9,32,60,1.99,broken clouds
561,Nosy Varika,MG,2021-05-30 16:53:31,-20.5833,48.5333,75.11,79,29,10.45,scattered clouds
562,Badin,PK,2021-05-30 16:53:31,24.656,68.8384,87.6,63,19,17.6,few clouds
563,Chapais,CA,2021-05-30 16:53:32,49.7834,-74.8492,60.58,26,0,7.9,clear sky
564,Fairbanks,US,2021-05-30 16:53:21,64.8378,-147.7164,54.23,61,75,4.61,broken clouds
565,Hervey Bay,AU,2021-05-30 16:53:32,-25.2986,152.8535,57.02,82,66,3.0,broken clouds
566,Sao Lourenco Do Sul,BR,2021-05-30 16:53:32,-31.3653,-51.9783,57.25,40,53,7.61,broken clouds
567,Berlevag,NO,2021-05-30 16:53:33,70.8578,29.0864,42.6,86,97,26.37,overcast clouds
568,Tessalit,ML,2021-05-30 16:53:33,20.1986,1.0114,107.31,5,93,18.05,overcast clouds
569,Bonoua,CI,2021-05-30 16:53:33,5.2741,-3.595,82.02,70,58,9.15,broken clouds
570,Mafinga,TZ,2021-05-30 16:53:34,-7.25,35.0667,71.4,40,11,4.88,few clouds
571,Auki,SB,2021-05-30 16:53:34,-8.7676,160.7034,75.97,89,38,4.03,scattered clouds
572,Busko-Zdroj,PL,2021-05-30 16:53:34,50.4708,20.7188,60.24,81,63,9.84,broken clouds
573,Kandrian,PG,2021-05-30 16:53:35,-6.2167,149.55,77.23,91,92,8.99,light rain
574,Great Yarmouth,GB,2021-05-30 16:53:35,52.6083,1.7305,60.42,82,6,10.6,clear sky
575,Dakar,SN,2021-05-30 16:53:35,14.6937,-17.4441,81.48,83,43,13.35,scattered clouds
576,Puerto Colombia,CO,2021-05-30 16:53:36,10.9878,-74.9547,87.89,76,97,10.89,overcast clouds
577,Polyarnyy,RU,2021-05-30 16:53:36,69.1989,33.4478,52.27,70,100,15.01,overcast clouds
578,Chadan,RU,2021-05-30 16:53:37,51.2833,91.5833,48.09,45,86,2.91,light rain
579,Jalpatagua,GT,2021-05-30 16:53:37,14.1417,-90.0086,85.17,57,88,3.94,overcast clouds
580,Singaparna,ID,2021-05-30 16:53:37,-7.3515,108.111,72.9,98,90,1.81,overcast clouds
581,Sirjan,IR,2021-05-30 16:53:38,29.452,55.6814,84.54,8,0,10.65,clear sky
582,Ust-Omchug,RU,2021-05-30 16:53:38,61.15,149.6333,36.1,93,100,3.6,overcast clouds
583,Ephrata,US,2021-05-30 16:52:47,40.1798,-76.1788,52.07,82,90,4.0,light rain
584,Mattru,SL,2021-05-30 16:53:38,7.6244,-11.8332,80.08,90,100,4.07,light rain
585,Singaraja,ID,2021-05-30 16:53:39,-8.112,115.0882,77.52,81,59,2.24,broken clouds
586,Alta Floresta,BR,2021-05-30 16:53:39,-9.8756,-56.0861,87.24,44,58,5.08,broken clouds
587,Jerome,US,2021-05-30 16:53:40,42.7241,-114.5186,66.04,32,0,3.0,clear sky
588,Ponta Delgada,PT,2021-05-30 16:53:40,37.7333,-25.6667,68.72,60,20,13.8,few clouds
589,Palasa,IN,2021-05-30 16:53:40,18.7667,84.4167,83.73,78,96,7.43,overcast clouds
590,Okha,RU,2021-05-30 16:53:41,53.5739,142.9478,31.55,94,68,4.81,broken clouds
591,Glazov,RU,2021-05-30 16:53:41,58.1394,52.6584,41.9,83,95,8.05,light rain
592,Toamasina,MG,2021-05-30 16:53:42,-18.1667,49.3833,73.4,94,20,3.44,few clouds
593,Nhulunbuy,AU,2021-05-30 16:53:42,-12.2333,136.7667,75.81,83,40,8.05,scattered clouds
594,Saint-Pierre,RE,2021-05-30 16:53:42,-21.3393,55.4781,70.29,60,0,4.61,clear sky
595,Ocos,GT,2021-05-30 16:53:43,14.5094,-92.1933,91.72,66,28,4.47,scattered clouds
596,Celestun,MX,2021-05-30 16:53:43,20.8667,-90.4,87.84,55,46,4.32,scattered clouds
597,Chimbote,PE,2021-05-30 16:53:43,-9.0853,-78.5783,71.19,73,48,9.53,scattered clouds
598,Taloqan,AF,2021-05-30 16:53:45,36.7361,69.5345,80.94,23,0,5.12,clear sky
599,Selma,US,2021-05-30 16:51:02,36.5708,-119.6121,88.7,55,1,4.56,clear sky
600,Sehithwa,BW,2021-05-30 16:53:46,-20.4667,22.7167,66.85,25,67,1.19,broken clouds
601,Longyan,CN,2021-05-30 16:53:46,25.1072,117.0225,72.64,98,99,1.83,overcast clouds
602,Bay Roberts,CA,2021-05-30 16:53:47,47.5999,-53.2648,62.65,55,66,4.43,broken clouds
603,Chicama,PE,2021-05-30 16:53:47,-7.8447,-79.1469,66.74,64,74,9.42,broken clouds
604,Linjiang,CN,2021-05-30 16:53:47,41.8069,126.9078,50.31,88,97,2.04,overcast clouds
605,Aksarka,RU,2021-05-30 16:53:48,66.5606,67.7975,38.97,59,63,16.2,broken clouds
606,Imbituba,BR,2021-05-30 16:53:48,-28.24,-48.6703,62.49,63,99,8.86,overcast clouds
607,Shar,KZ,2021-05-30 16:53:48,49.5886,81.0453,56.95,63,0,5.41,clear sky
608,Calama,CL,2021-05-30 16:53:49,-22.4667,-68.9333,63.09,22,0,5.75,clear sky
609,Parkes,AU,2021-05-30 16:53:49,-33.1333,148.1833,37.35,84,0,3.89,clear sky
610,Mustasaari,FI,2021-05-30 16:48:55,63.1142,21.6822,62.24,41,0,11.5,clear sky
611,San Cristobal,VE,2021-05-30 16:53:50,7.7669,-72.225,77.18,48,48,7.02,scattered clouds
612,Boa Vista,BR,2021-05-30 16:53:50,2.8197,-60.6733,78.78,89,75,3.44,light rain
613,Qarqin,AF,2021-05-30 16:53:50,37.4185,66.0436,94.24,11,0,11.05,clear sky
614,Loukhi,RU,2021-05-30 16:53:51,66.0764,33.0381,55.27,48,94,1.1,overcast clouds
615,Sidi Ali,DZ,2021-05-30 16:53:51,36.0998,0.4206,77.49,48,66,12.53,broken clouds
616,Catabola,AO,2021-05-30 16:53:52,-12.15,17.2833,62.82,37,8,2.39,clear sky
617,Matagami,CA,2021-05-30 16:53:52,49.7502,-77.6328,64.51,24,1,8.16,clear sky
618,Bilma,NE,2021-05-30 16:53:53,18.6853,12.9164,101.95,6,1,8.19,clear sky
619,Shu,KZ,2021-05-30 16:53:53,43.5983,73.7614,69.91,54,100,11.41,overcast clouds
620,Kingaroy,AU,2021-05-30 16:53:53,-26.5333,151.8333,37.44,100,64,0.0,broken clouds
621,Plettenberg Bay,ZA,2021-05-30 16:53:54,-34.0527,23.3716,58.03,81,98,5.7,overcast clouds
622,Kerchevskiy,RU,2021-05-30 16:53:54,59.946,56.2884,40.12,92,60,2.66,broken clouds
623,Colac,AU,2021-05-30 16:53:55,-38.3333,143.5833,46.08,82,0,2.59,clear sky
624,Leua,SK,2021-05-30 16:50:26,48.2156,18.6071,58.5,76,91,4.12,light rain
625,Kuusamo,FI,2021-05-30 16:53:56,65.9667,29.1833,57.24,33,0,8.05,clear sky
626,Portland,US,2021-05-30 16:50:14,45.5234,-122.6762,70.5,58,100,1.01,overcast clouds
627,Chimoio,MZ,2021-05-30 16:53:56,-19.1164,33.4833,66.06,59,0,8.01,clear sky
628,Port-Gentil,GA,2021-05-30 16:53:56,-0.7193,8.7815,82.36,83,40,16.11,scattered clouds
629,Logan Lake,CA,2021-05-30 16:53:57,50.4998,-120.8025,54.23,34,100,5.1,overcast clouds
630,Konin,PL,2021-05-30 16:53:57,52.2234,18.2512,56.73,74,60,10.51,broken clouds
631,Blagoyevo,RU,2021-05-30 16:53:58,63.3667,47.9167,41.07,60,97,6.44,overcast clouds
632,Nuuk,GL,2021-05-30 16:53:58,64.1835,-51.7216,34.74,89,94,8.52,overcast clouds
633,Palauig,PH,2021-05-30 16:53:58,15.435,119.9045,83.21,77,30,5.46,scattered clouds
634,Brumado,BR,2021-05-30 16:53:59,-14.2036,-41.6653,88.29,28,30,9.89,scattered clouds
635,Port Macquarie,AU,2021-05-30 16:53:59,-31.4333,152.9167,55.36,76,88,11.32,overcast clouds
636,Porto Santo,PT,2021-05-30 16:53:59,33.072,-16.3415,70.18,56,40,16.11,scattered clouds
637,Waipawa,NZ,2021-05-30 16:54:00,-41.4122,175.5153,49.03,92,100,2.44,light rain
638,Novopskov,UA,2021-05-30 16:54:00,49.5464,39.0899,63.7,89,92,11.23,overcast clouds
639,Hlotse,LS,2021-05-30 16:54:01,-28.8718,28.045,45.46,26,99,2.19,overcast clouds
640,Ulagan,RU,2021-05-30 16:54:01,50.6321,87.9563,42.58,66,8,1.77,clear sky
641,Mehamn,NO,2021-05-30 16:54:01,71.0357,27.8492,42.98,92,100,25.7,overcast clouds
642,Gorele,TR,2021-05-30 16:54:02,41.0308,39.0031,67.44,88,6,4.52,clear sky
643,Linares,CL,2021-05-30 16:54:02,-35.85,-71.6,56.48,49,85,5.5,overcast clouds
644,Lishui,CN,2021-05-30 16:54:02,28.4604,119.9103,67.33,98,88,3.24,overcast clouds
645,Havre-Saint-Pierre,CA,2021-05-30 16:54:03,50.2334,-63.5986,57.56,47,1,10.36,clear sky
646,Ewo,CG,2021-05-30 16:54:03,-0.8725,14.8206,82.13,63,100,5.44,overcast clouds
647,Kinlochleven,GB,2021-05-30 16:54:04,56.7115,-4.9661,69.3,60,63,5.61,broken clouds
648,Sredneuralsk,RU,2021-05-30 16:54:04,56.9892,60.4666,63.75,93,100,4.59,overcast clouds
649,Roblin,CA,2021-05-30 16:54:04,51.23,-101.3565,49.77,65,69,13.56,broken clouds
650,Jining,CN,2021-05-30 16:54:05,35.405,116.5814,74.17,42,24,6.85,light rain
651,Andreapol,RU,2021-05-30 16:54:05,56.6513,32.2664,50.09,52,82,5.77,broken clouds
652,Abu Samrah,SY,2021-05-30 16:54:06,35.3029,37.1841,78.8,29,0,10.22,clear sky
653,Salinopolis,BR,2021-05-30 16:54:06,-0.6136,-47.3561,84.85,69,12,12.15,few clouds
654,Tromso,NO,2021-05-30 16:54:07,69.6496,18.957,47.05,87,75,3.0,light rain
655,Roma,US,2021-05-30 16:49:51,43.2128,-75.4557,60.04,62,90,6.91,overcast clouds
656,Santa Maria,BR,2021-05-30 16:54:07,-29.6842,-53.8069,54.7,47,0,4.52,clear sky
657,Ewa Beach,US,2021-05-30 16:53:34,21.3156,-158.0072,75.02,87,1,2.26,clear sky
658,Thessalon,CA,2021-05-30 16:54:08,46.2501,-83.5666,66.69,52,6,7.07,clear sky
659,Skarnes,NO,2021-05-30 16:54:08,60.2528,11.6797,80.62,40,6,7.07,clear sky
660,Naron,ES,2021-05-30 16:54:08,43.5167,-8.1528,71.56,63,75,15.79,broken clouds
